DropNo,X,Y,Diameter,Elongation,Circularity,Intensity,Plate,Well,Target,Field,XPos,YPos,Date        ,Time    ,ImageFile
84,Transmission,,,,,,1,A1,1,2,5,9,12/8/22,1:24:30 PM,20221208_132430289_Printed_T1_F2_R9_C5_Trans__Run.png
84,245,140.58,27.06,1.67,1.07,149.22,,,,,,,,,
703,Transmission,,,,,,1,A1,1,2,23,9,12/8/22,1:25:10 PM,20221208_132510705_Printed_T1_F2_R9_C23_Trans__Run.png
703,239.04,167.12,30.53,1.59,1.05,140.08,,,,,,,,,
1330,Transmission,,,,,,1,A1,1,2,41,9,12/8/22,1:26:02 PM,20221208_132602279_Printed_T1_F2_R9_C41_Trans__Run.png
1330,316.97,147.06,29.26,1.68,1.07,141.33,,,,,,,,,
1443,Transmission,,,,,,1,A1,1,2,59,9,12/8/22,1:26:10 PM,20221208_132610689_Printed_T1_F2_R9_C59_Trans__Run.png
1443,318.72,137.33,28.06,1.88,1.1,149.97,,,,,,,,,
1940,Transmission,,,,,,1,A1,1,2,5,27,12/8/22,1:26:43 PM,20221208_132643447_Printed_T1_F2_R27_C5_Trans__Run.png
1940,205.17,138.27,25.37,1.68,1.07,148.32,,,,,,,,,
2134,Transmission,,,,,,1,A1,1,2,23,27,12/8/22,1:26:56 PM,20221208_132656994_Printed_T1_F2_R27_C23_Trans__Run.png
2134,215.88,149.13,34.04,1.52,1.04,147.69,,,,,,,,,
2278,Transmission,,,,,,1,A1,1,2,41,27,12/8/22,1:27:07 PM,20221208_132707372_Printed_T1_F2_R27_C41_Trans__Run.png
2278,303.21,157.1,32.7,1.47,1.04,146.74,,,,,,,,,
2522,Transmission,,,,,,1,A1,1,2,59,27,12/8/22,1:27:23 PM,20221208_132723998_Printed_T1_F2_R27_C59_Trans__Run.png
2522,239.71,141.63,31.94,1.55,1.05,149.73,,,,,,,,,
2574,Transmission,,,,,,1,A1,1,2,5,33,12/8/22,1:27:28 PM,20221208_132728596_Printed_T1_F2_R33_C5_Trans__Run.png
2574,329.49,145.77,30.83,1.59,1.05,142.34,,,,,,,,,
2683,Transmission,,,,,,1,A1,1,2,23,33,12/8/22,1:27:36 PM,20221208_132736677_Printed_T1_F2_R33_C23_Trans__Run.png
2683,207.79,148.91,28.62,1.74,1.08,148.64,,,,,,,,,
3908,Transmission,,,,,,1,A1,1,2,41,33,12/8/22,1:29:04 PM,20221208_132904677_Printed_T1_F2_R33_C41_Trans__Run.png
3908,272.58,133.43,30.12,1.57,1.05,142.85,,,,,,,,,
4299,Transmission,,,,,,1,A1,1,2,5,51,12/8/22,1:29:31 PM,20221208_132931480_Printed_T1_F2_R51_C5_Trans__Run.png
4299,170.89,148.08,23.58,1.77,1.08,144.88,,,,,,,,,
4879,Transmission,,,,,,1,A1,1,2,23,51,12/8/22,1:30:09 PM,20221208_133009589_Printed_T1_F2_R51_C23_Trans__Run.png
4879,214.73,162.41,32.72,1.55,1.05,147.78,,,,,,,,,
5609,Transmission,,,,,,1,A1,1,2,41,51,12/8/22,1:30:57 PM,20221208_133057027_Printed_T1_F2_R51_C41_Trans__Run.png
5609,232.07,155.71,28.21,1.59,1.05,152.24,,,,,,,,,
5786,Transmission,,,,,,1,A1,1,2,59,51,12/8/22,1:31:09 PM,20221208_133109550_Printed_T1_F2_R51_C59_Trans__Run.png
5786,233.44,158.12,27.83,1.6,1.05,147.48,,,,,,,,,
6090,Transmission,,,,,,1,A1,1,2,5,57,12/8/22,1:31:30 PM,20221208_133130268_Printed_T1_F2_R57_C5_Trans__Run.png
6090,331.06,140.84,28.3,1.58,1.05,154.53,,,,,,,,,
6393,Transmission,,,,,,1,A1,1,2,23,57,12/8/22,1:31:50 PM,20221208_133150682_Printed_T1_F2_R57_C23_Trans__Run.png
6393,238.27,155.58,30.83,1.58,1.05,145.49,,,,,,,,,
6561,Transmission,,,,,,1,A1,1,2,41,57,12/8/22,1:32:02 PM,20221208_133202631_Printed_T1_F2_R57_C41_Trans__Run.png
6561,318.62,136.84,28.6,1.67,1.06,144.35,,,,,,,,,
6597,Transmission,,,,,,1,A1,1,2,59,57,12/8/22,1:32:06 PM,20221208_133206206_Printed_T1_F2_R57_C59_Trans__Run.png
6597,204.32,151.43,32.08,1.56,1.05,146.94,,,,,,,,,
7077,Transmission,,,,,,1,A1,1,3,5,9,12/8/22,1:32:38 PM,20221208_133238133_Printed_T1_F3_R9_C5_Trans__Run.png
7077,196.12,144.41,24.94,1.63,1.06,144.43,,,,,,,,,
7112,Transmission,,,,,,1,A1,1,3,23,9,12/8/22,1:32:41 PM,20221208_133241706_Printed_T1_F3_R9_C23_Trans__Run.png
7112,334.96,161.18,27.53,1.89,1.1,155.61,,,,,,,,,
7238,Transmission,,,,,,1,A1,1,3,41,9,12/8/22,1:32:51 PM,20221208_133251182_Printed_T1_F3_R9_C41_Trans__Run.png
7238,215.44,164.46,29.74,1.51,1.04,138.25,,,,,,,,,
7850,Transmission,,,,,,1,A1,1,3,59,9,12/8/22,1:33:31 PM,20221208_133331716_Printed_T1_F3_R9_C59_Trans__Run.png
7850,272.08,134.28,30.15,1.59,1.05,143.44,,,,,,,,,
8034,Transmission,,,,,,1,A1,1,3,5,27,12/8/22,1:33:45 PM,20221208_133345017_Printed_T1_F3_R27_C5_Trans__Run.png
8034,337.75,174.11,32.38,1.8,1.09,140.76,,,,,,,,,
8570,Transmission,,,,,,1,A1,1,3,23,27,12/8/22,1:34:20 PM,20221208_133420420_Printed_T1_F3_R27_C23_Trans__Run.png
8570,206.77,146.44,26.56,1.64,1.06,149.55,,,,,,,,,
8703,Transmission,,,,,,1,A1,1,3,41,27,12/8/22,1:34:30 PM,20221208_133430351_Printed_T1_F3_R27_C41_Trans__Run.png
8703,226.84,154.24,30.54,1.63,1.06,152.39,,,,,,,,,
9011,Transmission,,,,,,1,A1,1,3,59,27,12/8/22,1:34:51 PM,20221208_133451383_Printed_T1_F3_R27_C59_Trans__Run.png
9011,227.09,153.05,23.15,1.54,1.05,141.8,,,,,,,,,
9244,Transmission,,,,,,1,A1,1,3,5,33,12/8/22,1:35:07 PM,20221208_133507756_Printed_T1_F3_R33_C5_Trans__Run.png
9244,232.92,161.12,31.38,1.55,1.05,151.95,,,,,,,,,
9554,Transmission,,,,,,1,A1,1,3,23,33,12/8/22,1:35:28 PM,20221208_133528775_Printed_T1_F3_R33_C23_Trans__Run.png
9554,253.91,160.84,26.29,1.79,1.08,151.84,,,,,,,,,
9559,Transmission,,,,,,1,A1,1,3,41,33,12/8/22,1:35:30 PM,20221208_133530471_Printed_T1_F3_R33_C41_Trans__Run.png
9559,266.1,138.24,28.71,1.66,1.06,139.73,,,,,,,,,
9696,Transmission,,,,,,1,A1,1,3,59,33,12/8/22,1:35:40 PM,20221208_133540651_Printed_T1_F3_R33_C59_Trans__Run.png
9696,278.38,167.52,30.22,1.65,1.06,145.61,,,,,,,,,
9755,Transmission,,,,,,1,A1,1,3,5,51,12/8/22,1:35:45 PM,20221208_133545914_Printed_T1_F3_R51_C5_Trans__Run.png
9755,306.75,143.16,28.37,1.57,1.05,140.16,,,,,,,,,
9971,Transmission,,,,,,1,A1,1,3,23,51,12/8/22,1:36:00 PM,20221208_133600968_Printed_T1_F3_R51_C23_Trans__Run.png
9971,260.02,166.72,28.78,1.71,1.07,143.73,,,,,,,,,
10169,Transmission,,,,,,1,A1,1,3,41,51,12/8/22,1:38:30 PM,20221208_133830586_Printed_T1_F3_R51_C41_Trans__Run.png
10169,238.99,138.73,28.23,1.51,1.04,142.13,,,,,,,,,
10202,Transmission,,,,,,1,A1,1,3,59,51,12/8/22,1:38:34 PM,20221208_133834213_Printed_T1_F3_R51_C59_Trans__Run.png
10202,285.05,154.45,29.63,1.57,1.05,148.29,,,,,,,,,
10406,Transmission,,,,,,1,A1,1,3,5,57,12/8/22,1:38:48 PM,20221208_133848552_Printed_T1_F3_R57_C5_Trans__Run.png
10406,316.92,170.13,29.61,1.66,1.06,146.45,,,,,,,,,
10554,Transmission,,,,,,1,A1,1,3,23,57,12/8/22,1:38:59 PM,20221208_133859318_Printed_T1_F3_R57_C23_Trans__Run.png
10554,269.56,164.65,33.61,1.55,1.05,147.07,,,,,,,,,
10581,Transmission,,,,,,1,A1,1,3,41,57,12/8/22,1:39:02 PM,20221208_133902447_Printed_T1_F3_R57_C41_Trans__Run.png
10581,233.43,142.61,31.94,1.62,1.06,149.53,,,,,,,,,
10583,Transmission,,,,,,1,A1,1,3,59,57,12/8/22,1:39:03 PM,20221208_133903997_Printed_T1_F3_R57_C59_Trans__Run.png
10583,265.21,139.32,31.42,1.57,1.05,139.63,,,,,,,,,
10636,Transmission,,,,,,1,A1,1,4,5,9,12/8/22,1:39:08 PM,20221208_133908831_Printed_T1_F4_R9_C5_Trans__Run.png
10636,226.25,141.79,26.9,1.82,1.09,140.73,,,,,,,,,
10918,Transmission,,,,,,1,A1,1,4,23,9,12/8/22,1:39:28 PM,20221208_133928230_Printed_T1_F4_R9_C23_Trans__Run.png
10918,283.96,160,32.37,1.41,1.03,138.16,,,,,,,,,
11054,Transmission,,,,,,1,A1,1,4,41,9,12/8/22,1:39:38 PM,20221208_133938398_Printed_T1_F4_R9_C41_Trans__Run.png
11054,277.38,166.61,27.81,1.64,1.06,148.52,,,,,,,,,
11072,Transmission,,,,,,1,A1,1,4,5,27,12/8/22,1:39:41 PM,20221208_133941185_Printed_T1_F4_R27_C5_Trans__Run.png
11072,275.44,158.18,30.1,1.5,1.04,135.58,,,,,,,,,
11179,Transmission,,,,,,1,A1,1,4,23,27,12/8/22,1:39:49 PM,20221208_133949566_Printed_T1_F4_R27_C23_Trans__Run.png
11179,207.13,166.67,27.83,1.69,1.07,149.19,,,,,,,,,
11311,Transmission,,,,,,1,A1,1,4,41,27,12/8/22,1:40:10 PM,20221208_134010432_Printed_T1_F4_R27_C41_Trans__Run.png
11311,207.76,167.37,28.23,1.62,1.06,141.45,,,,,,,,,
11879,Transmission,,,,,,1,A1,1,4,5,33,12/8/22,1:40:47 PM,20221208_134047972_Printed_T1_F4_R33_C5_Trans__Run.png
11879,340.39,148.44,31.14,1.6,1.05,148.08,,,,,,,,,
12389,Transmission,,,,,,1,A1,1,4,23,33,12/8/22,1:41:21 PM,20221208_134121840_Printed_T1_F4_R33_C23_Trans__Run.png
12389,337.96,162.17,25.49,1.55,1.05,150.4,,,,,,,,,
12429,Transmission,,,,,,1,A1,1,4,41,33,12/8/22,1:41:25 PM,20221208_134125981_Printed_T1_F4_R33_C41_Trans__Run.png
12429,347,164.81,28.6,1.56,1.05,145.15,,,,,,,,,
12490,Transmission,,,,,,1,A1,1,4,5,51,12/8/22,1:41:31 PM,20221208_134131484_Printed_T1_F4_R51_C5_Trans__Run.png
12490,210.43,142.08,30.04,1.7,1.07,140.31,,,,,,,,,
12611,Transmission,,,,,,1,A1,1,4,23,51,12/8/22,1:41:40 PM,20221208_134140698_Printed_T1_F4_R51_C23_Trans__Run.png
12611,344.39,138.94,30.48,1.65,1.06,145.73,,,,,,,,,
12628,Transmission,,,,,,1,A1,1,4,41,51,12/8/22,1:41:43 PM,20221208_134143366_Printed_T1_F4_R51_C41_Trans__Run.png
12628,212.47,147.84,26.86,1.5,1.04,139.08,,,,,,,,,
12681,Transmission,,,,,,1,A1,1,4,5,57,12/8/22,1:41:48 PM,20221208_134148355_Printed_T1_F4_R57_C5_Trans__Run.png
12681,335.25,162.27,27.36,1.54,1.05,137.25,,,,,,,,,
12753,Transmission,,,,,,1,A1,1,4,23,57,12/8/22,1:41:54 PM,20221208_134154506_Printed_T1_F4_R57_C23_Trans__Run.png
12753,230.51,152.05,29.26,1.65,1.06,148.59,,,,,,,,,
12820,Transmission,,,,,,1,A1,1,4,41,57,12/8/22,1:42:00 PM,20221208_134200308_Printed_T1_F4_R57_C41_Trans__Run.png
12820,304.26,149.5,30.46,1.55,1.05,146.79,,,,,,,,,
12853,Transmission,,,,,,1,A1,1,6,5,9,12/8/22,1:42:04 PM,20221208_134204069_Printed_T1_F6_R9_C5_Trans__Run.png
12853,344.45,161.4,32.07,1.57,1.05,150.69,,,,,,,,,
12855,Transmission,,,,,,1,A1,1,6,23,9,12/8/22,1:42:05 PM,20221208_134205332_Printed_T1_F6_R9_C23_Trans__Run.png
12855,288.05,169.33,30.44,1.5,1.04,146.9,,,,,,,,,
12894,Transmission,,,,,,1,A1,1,6,41,9,12/8/22,1:42:09 PM,20221208_134209047_Printed_T1_F6_R9_C41_Trans__Run.png
12894,287.02,154.53,30.69,1.51,1.04,141.6,,,,,,,,,
12924,Transmission,,,,,,1,A1,1,6,59,9,12/8/22,1:42:12 PM,20221208_134212200_Printed_T1_F6_R9_C59_Trans__Run.png
12924,250.08,138.95,28.77,1.62,1.06,137.13,,,,,,,,,
12934,Transmission,,,,,,1,A1,1,6,5,27,12/8/22,1:42:14 PM,20221208_134214160_Printed_T1_F6_R27_C5_Trans__Run.png
12934,211.68,152.77,28.22,1.42,1.03,147.61,,,,,,,,,
12967,Transmission,,,,,,1,A1,1,6,23,27,12/8/22,1:42:17 PM,20221208_134217450_Printed_T1_F6_R27_C23_Trans__Run.png
12967,225.09,145.08,33.53,1.79,1.08,152.96,,,,,,,,,
12972,Transmission,,,,,,1,A1,1,6,41,27,12/8/22,1:42:18 PM,20221208_134218977_Printed_T1_F6_R27_C41_Trans__Run.png
12972,267.35,133.06,25.79,1.79,1.08,131.3,,,,,,,,,
13010,Transmission,,,,,,1,A1,1,6,59,27,12/8/22,1:42:22 PM,20221208_134222633_Printed_T1_F6_R27_C59_Trans__Run.png
13010,217.04,147.64,29.13,1.54,1.05,146.3,,,,,,,,,
13045,Transmission,,,,,,1,A1,1,6,5,33,12/8/22,1:42:26 PM,20221208_134226157_Printed_T1_F6_R33_C5_Trans__Run.png
13045,203.79,158.54,27.65,1.93,1.11,152.09,,,,,,,,,
13066,Transmission,,,,,,1,A1,1,6,23,33,12/8/22,1:42:28 PM,20221208_134228673_Printed_T1_F6_R33_C23_Trans__Run.png
13066,322.7,135.71,31.46,1.62,1.06,146.43,,,,,,,,,
13077,Transmission,,,,,,1,A1,1,6,41,33,12/8/22,1:42:30 PM,20221208_134230622_Printed_T1_F6_R33_C41_Trans__Run.png
13077,298.57,148.03,33.04,1.68,1.07,148.68,,,,,,,,,
13086,Transmission,,,,,,1,A1,1,6,59,33,12/8/22,1:42:32 PM,20221208_134232461_Printed_T1_F6_R33_C59_Trans__Run.png
13086,319.7,132.76,30.21,1.58,1.05,142.2,,,,,,,,,
13224,Transmission,,,,,,1,A1,1,6,5,51,12/8/22,1:42:42 PM,20221208_134242516_Printed_T1_F6_R51_C5_Trans__Run.png
13224,268.37,163.79,33.04,1.56,1.05,146.77,,,,,,,,,
13315,Transmission,,,,,,1,A1,1,6,23,51,12/8/22,1:42:49 PM,20221208_134249483_Printed_T1_F6_R51_C23_Trans__Run.png
13315,225.82,144.5,25.7,1.87,1.1,157.52,,,,,,,,,
13348,Transmission,,,,,,1,A1,1,6,41,51,12/8/22,1:42:52 PM,20221208_134252800_Printed_T1_F6_R51_C41_Trans__Run.png
13348,216.24,144.97,30.76,1.68,1.07,144.4,,,,,,,,,
13386,Transmission,,,,,,1,A1,1,6,59,51,12/8/22,1:42:56 PM,20221208_134256516_Printed_T1_F6_R51_C59_Trans__Run.png
13386,246.41,144.9,26.37,1.55,1.05,138.02,,,,,,,,,
13425,Transmission,,,,,,1,A1,1,6,5,57,12/8/22,1:43:00 PM,20221208_134300309_Printed_T1_F6_R57_C5_Trans__Run.png
13425,234.29,161.86,32.13,1.44,1.03,148.6,,,,,,,,,
13455,Transmission,,,,,,1,A1,1,6,23,57,12/8/22,1:43:03 PM,20221208_134303411_Printed_T1_F6_R57_C23_Trans__Run.png
13455,253.3,154.31,30.02,1.55,1.05,138.19,,,,,,,,,
13499,Transmission,,,,,,1,A1,1,6,41,57,12/8/22,1:43:07 PM,20221208_134307427_Printed_T1_F6_R57_C41_Trans__Run.png
13499,258.41,167.68,27.28,1.8,1.08,151.97,,,,,,,,,
13533,Transmission,,,,,,1,A1,1,6,59,57,12/8/22,1:43:10 PM,20221208_134310831_Printed_T1_F6_R57_C59_Trans__Run.png
13533,279.84,139.23,26.26,1.68,1.07,143.96,,,,,,,,,
13591,Transmission,,,,,,1,A1,1,7,5,9,12/8/22,1:43:15 PM,20221208_134315813_Printed_T1_F7_R9_C5_Trans__Run.png
13591,247.69,158.24,25.43,1.92,1.1,159.51,,,,,,,,,
13646,Transmission,,,,,,1,A1,1,7,23,9,12/8/22,1:43:20 PM,20221208_134320682_Printed_T1_F7_R9_C23_Trans__Run.png
13646,184.14,140.22,28.73,1.56,1.05,141.4,,,,,,,,,
13659,Transmission,,,,,,1,A1,1,7,41,9,12/8/22,1:43:22 PM,20221208_134322913_Printed_T1_F7_R9_C41_Trans__Run.png
13659,268.57,147.74,31.68,1.47,1.04,143.84,,,,,,,,,
13669,Transmission,,,,,,1,A1,1,7,59,9,12/8/22,1:43:25 PM,20221208_134325012_Printed_T1_F7_R9_C59_Trans__Run.png
13669,340.97,170.17,29.47,1.75,1.08,147.89,,,,,,,,,
13696,Transmission,,,,,,1,A1,1,7,5,27,12/8/22,1:43:28 PM,20221208_134328208_Printed_T1_F7_R27_C5_Trans__Run.png
13696,329.92,135.13,28.7,1.79,1.08,149.77,,,,,,,,,
13718,Transmission,,,,,,1,A1,1,7,23,27,12/8/22,1:43:30 PM,20221208_134330960_Printed_T1_F7_R27_C23_Trans__Run.png
13718,226.21,164.7,29,1.66,1.06,147.96,,,,,,,,,
13731,Transmission,,,,,,1,A1,1,7,41,27,12/8/22,1:43:33 PM,20221208_134333167_Printed_T1_F7_R27_C41_Trans__Run.png
13731,316.07,166.69,27.09,1.63,1.06,142.38,,,,,,,,,
13837,Transmission,,,,,,1,A1,1,7,59,27,12/8/22,1:43:41 PM,20221208_134341396_Printed_T1_F7_R27_C59_Trans__Run.png
13837,219.03,150.82,25.56,1.69,1.07,151.57,,,,,,,,,
13891,Transmission,,,,,,1,A1,1,7,5,33,12/8/22,1:43:46 PM,20221208_134346297_Printed_T1_F7_R33_C5_Trans__Run.png
13891,199.91,145.48,27.63,1.56,1.05,144.1,,,,,,,,,
14027,Transmission,,,,,,1,A1,1,7,23,33,12/8/22,1:43:56 PM,20221208_134356285_Printed_T1_F7_R33_C23_Trans__Run.png
14027,246.69,143.68,32.77,1.58,1.05,149.69,,,,,,,,,
14062,Transmission,,,,,,1,A1,1,7,41,33,12/8/22,1:43:59 PM,20221208_134359891_Printed_T1_F7_R33_C41_Trans__Run.png
14062,349.41,166.31,31.89,1.61,1.06,154.59,,,,,,,,,
14173,Transmission,,,,,,1,A1,1,7,59,33,12/8/22,1:44:08 PM,20221208_134408426_Printed_T1_F7_R33_C59_Trans__Run.png
14173,335.76,132.79,29.8,1.58,1.05,139.05,,,,,,,,,
14235,Transmission,,,,,,1,A1,1,7,5,51,12/8/22,1:44:13 PM,20221208_134413868_Printed_T1_F7_R51_C5_Trans__Run.png
14235,271.01,140.38,29.52,1.59,1.05,139.43,,,,,,,,,
14251,Transmission,,,,,,1,A1,1,7,23,51,12/8/22,1:44:16 PM,20221208_134416241_Printed_T1_F7_R51_C23_Trans__Run.png
14251,312.76,160.77,31.59,1.56,1.05,145.55,,,,,,,,,
14268,Transmission,,,,,,1,A1,1,7,41,51,12/8/22,1:44:18 PM,20221208_134418704_Printed_T1_F7_R51_C41_Trans__Run.png
14268,334.01,166.05,27.37,1.89,1.1,156.17,,,,,,,,,
14358,Transmission,,,,,,1,A1,1,7,59,51,12/8/22,1:44:25 PM,20221208_134425969_Printed_T1_F7_R51_C59_Trans__Run.png
14358,344.13,132.24,28.06,1.62,1.06,142.36,,,,,,,,,
14471,Transmission,,,,,,1,A1,1,7,5,57,12/8/22,1:44:34 PM,20221208_134434686_Printed_T1_F7_R57_C5_Trans__Run.png
14471,242.73,162.11,29.35,1.6,1.05,149.27,,,,,,,,,
14510,Transmission,,,,,,1,A1,1,7,23,57,12/8/22,1:44:38 PM,20221208_134438528_Printed_T1_F7_R57_C23_Trans__Run.png
14510,313.37,140,25,1.76,1.08,146.68,,,,,,,,,
14535,Transmission,,,,,,1,A1,1,7,41,57,12/8/22,1:44:41 PM,20221208_134441502_Printed_T1_F7_R57_C41_Trans__Run.png
14535,287.99,165.69,23.77,2,1.12,146.26,,,,,,,,,
14580,Transmission,,,,,,1,A1,1,7,59,57,12/8/22,1:44:45 PM,20221208_134445819_Printed_T1_F7_R57_C59_Trans__Run.png
14580,191.36,141.32,28.17,1.56,1.05,135.33,,,,,,,,,
14698,Transmission,,,,,,1,A1,1,8,5,9,12/8/22,1:44:54 PM,20221208_134454835_Printed_T1_F8_R9_C5_Trans__Run.png
14698,243.45,142.61,29.52,1.44,1.03,134.79,,,,,,,,,
14707,Transmission,,,,,,1,A1,1,8,23,9,12/8/22,1:44:56 PM,20221208_134456973_Printed_T1_F8_R9_C23_Trans__Run.png
14707,326.55,165.44,30.14,1.64,1.06,147.81,,,,,,,,,
14746,Transmission,,,,,,1,A1,1,8,41,9,12/8/22,1:45:01 PM,20221208_134501004_Printed_T1_F8_R9_C41_Trans__Run.png
14746,334.6,138.51,30.97,1.69,1.07,154.13,,,,,,,,,
14818,Transmission,,,,,,1,A1,1,8,5,27,12/8/22,1:45:07 PM,20221208_134507234_Printed_T1_F8_R27_C5_Trans__Run.png
14818,290.3,150.47,28.81,1.74,1.08,158.44,,,,,,,,,
14850,Transmission,,,,,,1,A1,1,8,23,27,12/8/22,1:45:10 PM,20221208_134510782_Printed_T1_F8_R27_C23_Trans__Run.png
14850,249.71,162.01,25,1.74,1.08,129.93,,,,,,,,,
14874,Transmission,,,,,,1,A1,1,8,41,27,12/8/22,1:45:13 PM,20221208_134513887_Printed_T1_F8_R27_C41_Trans__Run.png
14874,290.77,164.48,34.95,1.57,1.05,148.19,,,,,,,,,
14935,Transmission,,,,,,1,A1,1,8,5,33,12/8/22,1:45:19 PM,20221208_134519362_Printed_T1_F8_R33_C5_Trans__Run.png
14935,249.52,144.64,29.73,1.6,1.05,151.49,,,,,,,,,
15039,Transmission,,,,,,1,A1,1,8,23,33,12/8/22,1:45:27 PM,20221208_134527460_Printed_T1_F8_R33_C23_Trans__Run.png
15039,281.86,134.43,25.88,1.79,1.08,144.58,,,,,,,,,
15118,Transmission,,,,,,1,A1,1,8,41,33,12/8/22,1:45:34 PM,20221208_134534040_Printed_T1_F8_R33_C41_Trans__Run.png
15118,240.83,151.53,30.9,1.6,1.06,149.17,,,,,,,,,
15164,Transmission,,,,,,1,A1,1,8,5,51,12/8/22,1:45:38 PM,20221208_134538579_Printed_T1_F8_R51_C5_Trans__Run.png
15164,235.76,154.37,31.73,1.62,1.06,151.82,,,,,,,,,
15250,Transmission,,,,,,1,A1,1,8,23,51,12/8/22,1:45:45 PM,20221208_134545599_Printed_T1_F8_R51_C23_Trans__Run.png
15250,242.77,145.02,25.93,1.75,1.08,145.21,,,,,,,,,
15273,Transmission,,,,,,1,A1,1,8,41,51,12/8/22,1:45:48 PM,20221208_134548689_Printed_T1_F8_R51_C41_Trans__Run.png
15273,219.62,143.42,28.32,1.62,1.06,146.04,,,,,,,,,
15279,Transmission,,,,,,1,A1,1,8,5,57,12/8/22,1:45:50 PM,20221208_134550692_Printed_T1_F8_R57_C5_Trans__Run.png
15279,224.73,148.9,33,1.71,1.07,148.79,,,,,,,,,
15296,Transmission,,,,,,1,A1,1,8,23,57,12/8/22,1:45:53 PM,20221208_134553306_Printed_T1_F8_R57_C23_Trans__Run.png
15296,335.95,138.74,30.86,1.72,1.07,152.94,,,,,,,,,
15314,Transmission,,,,,,1,A1,1,8,41,57,12/8/22,1:45:56 PM,20221208_134556032_Printed_T1_F8_R57_C41_Trans__Run.png
15314,264.73,137.45,30.94,1.57,1.05,142.35,,,,,,,,,
15324,Transmission,,,,,,1,A1,1,10,5,9,12/8/22,1:45:58 PM,20221208_134558280_Printed_T1_F10_R9_C5_Trans__Run.png
15324,335.47,142.98,24.8,1.6,1.05,138.78,,,,,,,,,
15340,Transmission,,,,,,1,A1,1,10,23,9,12/8/22,1:46:00 PM,20221208_134600589_Printed_T1_F10_R9_C23_Trans__Run.png
15340,250.09,167.86,30.45,1.76,1.08,149.5,,,,,,,,,
15415,Transmission,,,,,,1,A1,1,10,41,9,12/8/22,1:46:06 PM,20221208_134606675_Printed_T1_F10_R9_C41_Trans__Run.png
15415,294.73,168.07,32.76,1.56,1.05,148.07,,,,,,,,,
15425,Transmission,,,,,,1,A1,1,10,59,9,12/8/22,1:46:08 PM,20221208_134608640_Printed_T1_F10_R9_C59_Trans__Run.png
15425,253.21,147.32,30.43,1.64,1.06,155.61,,,,,,,,,
15536,Transmission,,,,,,1,A1,1,10,5,27,12/8/22,1:46:17 PM,20221208_134617028_Printed_T1_F10_R27_C5_Trans__Run.png
15536,258.05,150.23,33.43,1.65,1.06,152.57,,,,,,,,,
15661,Transmission,,,,,,1,A1,1,10,23,27,12/8/22,1:46:26 PM,20221208_134626315_Printed_T1_F10_R27_C23_Trans__Run.png
15661,286.27,134.38,29.86,1.67,1.06,135.55,,,,,,,,,
15713,Transmission,,,,,,1,A1,1,10,59,27,12/8/22,1:46:30 PM,20221208_134630983_Printed_T1_F10_R27_C59_Trans__Run.png
15713,339.8,173.49,29.59,1.75,1.08,145.09,,,,,,,,,
15905,Transmission,,,,,,1,A1,1,10,5,33,12/8/22,1:46:44 PM,20221208_134644533_Printed_T1_F10_R33_C5_Trans__Run.png
15905,273.7,136.99,27.63,1.69,1.07,141.21,,,,,,,,,
15928,Transmission,,,,,,1,A1,1,10,23,33,12/8/22,1:46:47 PM,20221208_134647358_Printed_T1_F10_R33_C23_Trans__Run.png
15928,205.89,161.11,28.16,1.7,1.07,155.66,,,,,,,,,
15932,Transmission,,,,,,1,A1,1,10,41,33,12/8/22,1:46:48 PM,20221208_134648975_Printed_T1_F10_R33_C41_Trans__Run.png
15932,278.57,164.91,31.14,1.52,1.04,141.29,,,,,,,,,
15973,Transmission,,,,,,1,A1,1,10,5,51,12/8/22,1:46:52 PM,20221208_134652964_Printed_T1_F10_R51_C5_Trans__Run.png
15973,294.53,141.73,27.33,1.64,1.06,149.43,,,,,,,,,
16098,Transmission,,,,,,1,A1,1,10,23,51,12/8/22,1:47:10 PM,20221208_134710076_Printed_T1_F10_R51_C23_Trans__Run.png
16098,221.75,155.94,29.1,1.38,1.03,140.32,,,,,,,,,
16110,Transmission,,,,,,1,A1,1,10,41,51,12/8/22,1:47:12 PM,20221208_134712252_Printed_T1_F10_R51_C41_Trans__Run.png
16110,339.56,159.25,28.17,1.48,1.04,150.27,,,,,,,,,
16126,Transmission,,,,,,1,A1,1,10,59,51,12/8/22,1:47:14 PM,20221208_134714732_Printed_T1_F10_R51_C59_Trans__Run.png
16126,283.2,137.92,29.9,1.44,1.03,134.86,,,,,,,,,
16128,Transmission,,,,,,1,A1,1,10,23,57,12/8/22,1:47:16 PM,20221208_134716255_Printed_T1_F10_R57_C23_Trans__Run.png
16128,183.96,141.85,27.36,1.77,1.08,149.11,,,,,,,,,
16150,Transmission,,,,,,1,A1,1,10,41,57,12/8/22,1:47:19 PM,20221208_134719089_Printed_T1_F10_R57_C41_Trans__Run.png
16150,294.72,137.56,30.16,1.7,1.07,146.54,,,,,,,,,
16221,Transmission,,,,,,1,A1,1,10,59,57,12/8/22,1:47:25 PM,20221208_134725069_Printed_T1_F10_R57_C59_Trans__Run.png
16221,312.48,139.09,26.94,1.65,1.06,147.98,,,,,,,,,
16292,Transmission,,,,,,1,A1,1,11,5,9,12/8/22,1:47:31 PM,20221208_134731101_Printed_T1_F11_R9_C5_Trans__Run.png
16292,333.41,165.71,30.72,1.7,1.07,151.31,,,,,,,,,
16307,Transmission,,,,,,1,A1,1,11,23,9,12/8/22,1:47:33 PM,20221208_134733423_Printed_T1_F11_R9_C23_Trans__Run.png
16307,345.16,147.42,32.86,1.5,1.04,155.64,,,,,,,,,
16340,Transmission,,,,,,1,A1,1,11,41,9,12/8/22,1:47:36 PM,20221208_134736940_Printed_T1_F11_R9_C41_Trans__Run.png
16340,254.83,166.2,31.01,1.6,1.05,153.95,,,,,,,,,
16405,Transmission,,,,,,1,A1,1,11,59,9,12/8/22,1:47:42 PM,20221208_134742565_Printed_T1_F11_R9_C59_Trans__Run.png
16405,229.3,152.91,28.98,1.6,1.05,148.61,,,,,,,,,
16416,Transmission,,,,,,1,A1,1,11,5,27,12/8/22,1:47:44 PM,20221208_134744776_Printed_T1_F11_R27_C5_Trans__Run.png
16416,214.58,142.5,30.15,1.58,1.05,146.83,,,,,,,,,
16636,Transmission,,,,,,1,A1,1,11,23,27,12/8/22,1:48:00 PM,20221208_134800125_Printed_T1_F11_R27_C23_Trans__Run.png
16636,346.03,166.76,30.45,1.55,1.05,142.91,,,,,,,,,
16643,Transmission,,,,,,1,A1,1,11,41,27,12/8/22,1:48:01 PM,20221208_134801952_Printed_T1_F11_R27_C41_Trans__Run.png
16643,218.11,166.21,26.98,1.81,1.09,150.08,,,,,,,,,
16753,Transmission,,,,,,1,A1,1,11,59,27,12/8/22,1:48:10 PM,20221208_134810459_Printed_T1_F11_R27_C59_Trans__Run.png
16753,247.28,164.19,31.01,1.51,1.04,146.57,,,,,,,,,
16776,Transmission,,,,,,1,A1,1,11,5,33,12/8/22,1:48:13 PM,20221208_134813371_Printed_T1_F11_R33_C5_Trans__Run.png
16776,213.42,159.38,22.81,1.82,1.09,153.54,,,,,,,,,
16791,Transmission,,,,,,1,A1,1,11,23,33,12/8/22,1:48:15 PM,20221208_134815711_Printed_T1_F11_R33_C23_Trans__Run.png
16791,330.46,135.9,32.23,1.47,1.04,149.81,,,,,,,,,
16906,Transmission,,,,,,1,A1,1,11,41,33,12/8/22,1:48:24 PM,20221208_134824423_Printed_T1_F11_R33_C41_Trans__Run.png
16906,326.14,135.52,29.58,1.9,1.1,148.65,,,,,,,,,
16913,Transmission,,,,,,1,A1,1,11,59,33,12/8/22,1:48:26 PM,20221208_134826337_Printed_T1_F11_R33_C59_Trans__Run.png
16913,295.71,146.07,29.52,1.64,1.06,152.56,,,,,,,,,
16934,Transmission,,,,,,1,A1,1,11,5,51,12/8/22,1:48:29 PM,20221208_134829199_Printed_T1_F11_R51_C5_Trans__Run.png
16934,214.28,165.28,30.16,1.67,1.07,151.76,,,,,,,,,
17206,Transmission,,,,,,1,A1,1,11,23,51,12/8/22,1:48:47 PM,20221208_134847888_Printed_T1_F11_R51_C23_Trans__Run.png
17206,214.81,138.56,27.84,1.68,1.07,147.44,,,,,,,,,
17298,Transmission,,,,,,1,A1,1,11,41,51,12/8/22,1:48:55 PM,20221208_134855144_Printed_T1_F11_R51_C41_Trans__Run.png
17298,141.6,167.14,29.35,1.64,1.06,140.57,,,,,,,,,
17364,Transmission,,,,,,1,A1,1,11,59,51,12/8/22,1:49:00 PM,20221208_134900786_Printed_T1_F11_R51_C59_Trans__Run.png
17364,232.74,156.72,27.9,1.66,1.06,140.8,,,,,,,,,
17378,Transmission,,,,,,1,A1,1,11,5,57,12/8/22,1:49:03 PM,20221208_134903180_Printed_T1_F11_R57_C5_Trans__Run.png
17378,198.49,141.96,29.69,1.59,1.05,143.15,,,,,,,,,
17452,Transmission,,,,,,1,A1,1,11,23,57,12/8/22,1:49:09 PM,20221208_134909337_Printed_T1_F11_R57_C23_Trans__Run.png
17452,327.04,138.85,31.73,1.63,1.06,144.52,,,,,,,,,
17467,Transmission,,,,,,1,A1,1,11,41,57,12/8/22,1:49:11 PM,20221208_134911761_Printed_T1_F11_R57_C41_Trans__Run.png
17467,248.96,148.89,26.44,1.51,1.04,145.52,,,,,,,,,
17565,Transmission,,,,,,1,A1,1,11,59,57,12/8/22,1:49:19 PM,20221208_134919500_Printed_T1_F11_R57_C59_Trans__Run.png
17565,227.68,161.58,27.92,1.56,1.05,143.87,,,,,,,,,
17569,Transmission,,,,,,1,A1,1,12,5,9,12/8/22,1:49:21 PM,20221208_134921218_Printed_T1_F12_R9_C5_Trans__Run.png
17569,318.61,166.83,31.77,1.6,1.06,150.63,,,,,,,,,
17572,Transmission,,,,,,1,A1,1,12,23,9,12/8/22,1:49:22 PM,20221208_134922903_Printed_T1_F12_R9_C23_Trans__Run.png
17572,296.19,169.13,29.23,1.55,1.05,145.88,,,,,,,,,
17635,Transmission,,,,,,1,A1,1,12,41,9,12/8/22,1:49:28 PM,20221208_134928494_Printed_T1_F12_R9_C41_Trans__Run.png
17635,307.2,164.02,25.18,1.62,1.06,136.09,,,,,,,,,
17642,Transmission,,,,,,1,A1,1,12,5,27,12/8/22,1:49:30 PM,20221208_134930546_Printed_T1_F12_R27_C5_Trans__Run.png
17642,246.67,151.1,32.73,1.61,1.06,154.04,,,,,,,,,
17824,Transmission,,,,,,1,A1,1,12,23,27,12/8/22,1:49:43 PM,20221208_134943707_Printed_T1_F12_R27_C23_Trans__Run.png
17824,259.86,137.29,30.42,1.73,1.07,148.61,,,,,,,,,
17845,Transmission,,,,,,1,A1,1,12,41,27,12/8/22,1:49:46 PM,20221208_134946630_Printed_T1_F12_R27_C41_Trans__Run.png
17845,235.5,150.04,19.91,1.83,1.09,157.6,,,,,,,,,
17866,Transmission,,,,,,1,A1,1,12,5,33,12/8/22,1:49:49 PM,20221208_134949587_Printed_T1_F12_R33_C5_Trans__Run.png
17866,224.41,139.13,30.62,1.61,1.06,147.44,,,,,,,,,
17976,Transmission,,,,,,1,A1,1,12,23,33,12/8/22,1:49:58 PM,20221208_134958134_Printed_T1_F12_R33_C23_Trans__Run.png
17976,246.7,155.31,28.55,1.44,1.03,145.08,,,,,,,,,
17991,Transmission,,,,,,1,A1,1,12,41,33,12/8/22,1:50:00 PM,20221208_135000684_Printed_T1_F12_R33_C41_Trans__Run.png
17991,317.44,170.35,29.82,1.66,1.06,148.75,,,,,,,,,
18121,Transmission,,,,,,1,A1,1,12,5,51,12/8/22,1:50:10 PM,20221208_135010592_Printed_T1_F12_R51_C5_Trans__Run.png
18121,236.63,162.47,26.41,1.66,1.06,143.03,,,,,,,,,
18208,Transmission,,,,,,1,A1,1,12,23,51,12/8/22,1:50:17 PM,20221208_135017832_Printed_T1_F12_R51_C23_Trans__Run.png
18208,302.24,134.24,27.44,1.7,1.07,135.41,,,,,,,,,
18294,Transmission,,,,,,1,A1,1,12,41,51,12/8/22,1:50:34 PM,20221208_135034949_Printed_T1_F12_R51_C41_Trans__Run.png
18294,330.95,171.26,29.73,1.66,1.06,147.2,,,,,,,,,
18304,Transmission,,,,,,1,A1,1,12,5,57,12/8/22,1:50:37 PM,20221208_135037210_Printed_T1_F12_R57_C5_Trans__Run.png
18304,346.3,173.85,29.71,1.61,1.06,136.5,,,,,,,,,
18353,Transmission,,,,,,1,A1,1,12,23,57,12/8/22,1:50:41 PM,20221208_135041894_Printed_T1_F12_R57_C23_Trans__Run.png
18353,345.63,138.39,26.07,1.39,1.03,140.75,,,,,,,,,
18446,Transmission,,,,,,1,A1,1,12,41,57,12/8/22,1:50:49 PM,20221208_135049348_Printed_T1_F12_R57_C41_Trans__Run.png
18446,221.19,142.24,25.47,1.96,1.11,150.78,,,,,,,,,
18519,Transmission,,,,,,1,A1,1,14,5,9,12/8/22,1:50:55 PM,20221208_135055636_Printed_T1_F14_R9_C5_Trans__Run.png
18519,254.04,141.44,27.96,1.62,1.06,141.85,,,,,,,,,
18528,Transmission,,,,,,1,A1,1,14,23,9,12/8/22,1:50:57 PM,20221208_135057827_Printed_T1_F14_R9_C23_Trans__Run.png
18528,315.69,151.79,32.79,1.66,1.06,156.93,,,,,,,,,
18543,Transmission,,,,,,1,A1,1,14,41,9,12/8/22,1:51:00 PM,20221208_135100440_Printed_T1_F14_R9_C41_Trans__Run.png
18543,311.39,163.65,27.94,1.49,1.04,143.06,,,,,,,,,
18547,Transmission,,,,,,1,A1,1,14,59,9,12/8/22,1:51:02 PM,20221208_135102286_Printed_T1_F14_R9_C59_Trans__Run.png
18547,227.24,156.79,29.69,1.61,1.06,147.48,,,,,,,,,
18617,Transmission,,,,,,1,A1,1,14,5,27,12/8/22,1:51:08 PM,20221208_135108387_Printed_T1_F14_R27_C5_Trans__Run.png
18617,275.6,165.33,35.14,1.47,1.04,149.29,,,,,,,,,
18633,Transmission,,,,,,1,A1,1,14,23,27,12/8/22,1:51:11 PM,20221208_135111067_Printed_T1_F14_R27_C23_Trans__Run.png
18633,293.56,138.84,32.09,1.44,1.03,143.04,,,,,,,,,
18819,Transmission,,,,,,1,A1,1,14,41,27,12/8/22,1:51:24 PM,20221208_135124492_Printed_T1_F14_R27_C41_Trans__Run.png
18819,179.8,149.98,29.33,1.48,1.04,136.4,,,,,,,,,
18837,Transmission,,,,,,1,A1,1,14,59,27,12/8/22,1:51:27 PM,20221208_135127303_Printed_T1_F14_R27_C59_Trans__Run.png
18837,253.85,143.43,30.47,1.48,1.04,158.98,,,,,,,,,
18922,Transmission,,,,,,1,A1,1,14,5,33,12/8/22,1:51:34 PM,20221208_135134367_Printed_T1_F14_R33_C5_Trans__Run.png
18922,269.76,170.18,26.01,1.79,1.08,143.91,,,,,,,,,
19015,Transmission,,,,,,1,A1,1,14,23,33,12/8/22,1:51:41 PM,20221208_135141988_Printed_T1_F14_R33_C23_Trans__Run.png
19015,295.79,134.44,28.87,1.65,1.06,140.05,,,,,,,,,
19032,Transmission,,,,,,1,A1,1,14,41,33,12/8/22,1:51:44 PM,20221208_135144760_Printed_T1_F14_R33_C41_Trans__Run.png
19032,335.96,167.83,31.15,1.57,1.05,145.29,,,,,,,,,
19282,Transmission,,,,,,1,A1,1,14,59,33,12/8/22,1:52:02 PM,20221208_135202446_Printed_T1_F14_R33_C59_Trans__Run.png
19282,295.12,147.55,29.63,1.57,1.05,150.77,,,,,,,,,
19291,Transmission,,,,,,1,A1,1,14,5,51,12/8/22,1:52:04 PM,20221208_135204688_Printed_T1_F14_R51_C5_Trans__Run.png
19291,228.9,162.38,30.12,1.59,1.05,148.15,,,,,,,,,
19295,Transmission,,,,,,1,A1,1,14,23,51,12/8/22,1:52:06 PM,20221208_135206658_Printed_T1_F14_R51_C23_Trans__Run.png
19295,276.95,142.04,26.28,1.58,1.05,148.78,,,,,,,,,
19300,Transmission,,,,,,1,A1,1,14,41,51,12/8/22,1:52:08 PM,20221208_135208686_Printed_T1_F14_R51_C41_Trans__Run.png
19300,304.61,155.02,29.29,1.53,1.05,144.16,,,,,,,,,
19342,Transmission,,,,,,1,A1,1,14,59,51,12/8/22,1:52:13 PM,20221208_135213037_Printed_T1_F14_R51_C59_Trans__Run.png
19342,300.78,150.65,26.32,1.64,1.06,153.01,,,,,,,,,
19351,Transmission,,,,,,1,A1,1,14,5,57,12/8/22,1:52:15 PM,20221208_135215336_Printed_T1_F14_R57_C5_Trans__Run.png
19351,318.16,136.35,29.92,1.54,1.05,143.48,,,,,,,,,
19356,Transmission,,,,,,1,A1,1,14,23,57,12/8/22,1:52:17 PM,20221208_135217399_Printed_T1_F14_R57_C23_Trans__Run.png
19356,262.11,138.53,32.02,1.56,1.05,140.51,,,,,,,,,
19506,Transmission,,,,,,1,A1,1,14,41,57,12/8/22,1:52:28 PM,20221208_135228727_Printed_T1_F14_R57_C41_Trans__Run.png
19506,192.79,165.15,25.59,1.7,1.07,148.95,,,,,,,,,
19816,Transmission,,,,,,1,A1,1,14,59,57,12/8/22,1:52:50 PM,20221208_135250233_Printed_T1_F14_R57_C59_Trans__Run.png
19816,331.55,139.44,29.07,1.78,1.08,152.95,,,,,,,,,
19829,Transmission,,,,,,1,A1,1,15,5,9,12/8/22,1:52:52 PM,20221208_135252840_Printed_T1_F15_R9_C5_Trans__Run.png
19829,271.91,165.57,29.78,1.64,1.06,148.77,,,,,,,,,
19913,Transmission,,,,,,1,A1,1,15,23,9,12/8/22,1:52:59 PM,20221208_135259771_Printed_T1_F15_R9_C23_Trans__Run.png
19913,243.5,144.87,28.51,1.49,1.04,140.75,,,,,,,,,
19946,Transmission,,,,,,1,A1,1,15,41,9,12/8/22,1:53:03 PM,20221208_135303479_Printed_T1_F15_R9_C41_Trans__Run.png
19946,310.73,160.38,27.64,1.45,1.03,138.69,,,,,,,,,
20135,Transmission,,,,,,1,A1,1,15,5,27,12/8/22,1:53:17 PM,20221208_135317117_Printed_T1_F15_R27_C5_Trans__Run.png
20135,296.35,168.61,28.59,1.7,1.07,147.6,,,,,,,,,
20155,Transmission,,,,,,1,A1,1,15,23,27,12/8/22,1:53:20 PM,20221208_135320068_Printed_T1_F15_R27_C23_Trans__Run.png
20155,256.54,148.12,28.33,1.54,1.05,142.44,,,,,,,,,
20172,Transmission,,,,,,1,A1,1,15,41,27,12/8/22,1:53:22 PM,20221208_135322826_Printed_T1_F15_R27_C41_Trans__Run.png
20172,259.59,144.31,27.27,1.58,1.05,146.1,,,,,,,,,
20183,Transmission,,,,,,1,A1,1,15,59,27,12/8/22,1:53:25 PM,20221208_135325180_Printed_T1_F15_R27_C59_Trans__Run.png
20183,288.99,148.04,27.18,1.66,1.06,141.78,,,,,,,,,
20221,Transmission,,,,,,1,A1,1,15,5,33,12/8/22,1:53:29 PM,20221208_135329267_Printed_T1_F15_R33_C5_Trans__Run.png
20221,217.96,165.43,29.14,1.66,1.06,144.53,,,,,,,,,
20344,Transmission,,,,,,1,A1,1,15,41,33,12/8/22,1:53:38 PM,20221208_135338737_Printed_T1_F15_R33_C41_Trans__Run.png
20344,217.36,152.65,23.6,1.84,1.09,156.93,,,,,,,,,
20362,Transmission,,,,,,1,A1,1,15,59,33,12/8/22,1:53:41 PM,20221208_135341544_Printed_T1_F15_R33_C59_Trans__Run.png
20362,248.13,141.34,21.98,1.65,1.06,146.98,,,,,,,,,
20379,Transmission,,,,,,1,A1,1,15,5,51,12/8/22,1:53:44 PM,20221208_135344310_Printed_T1_F15_R51_C5_Trans__Run.png
20379,211.33,162.29,31.47,1.68,1.07,147.07,,,,,,,,,
20389,Transmission,,,,,,1,A1,1,15,23,51,12/8/22,1:53:46 PM,20221208_135346683_Printed_T1_F15_R51_C23_Trans__Run.png
20389,245.52,152.61,30.11,1.61,1.06,149.59,,,,,,,,,
20456,Transmission,,,,,,1,A1,1,15,41,51,12/8/22,1:53:52 PM,20221208_135352730_Printed_T1_F15_R51_C41_Trans__Run.png
20456,261.94,164.87,31.43,1.58,1.05,148.92,,,,,,,,,
20470,Transmission,,,,,,1,A1,1,15,59,51,12/8/22,1:53:55 PM,20221208_135355337_Printed_T1_F15_R51_C59_Trans__Run.png
20470,338.62,148.35,26.95,1.48,1.04,141.74,,,,,,,,,
20473,Transmission,,,,,,1,A1,1,15,5,57,12/8/22,1:53:57 PM,20221208_135357232_Printed_T1_F15_R57_C5_Trans__Run.png
20473,212.91,167.17,26.48,1.7,1.07,142.34,,,,,,,,,
20530,Transmission,,,,,,1,A1,1,15,23,57,12/8/22,1:54:02 PM,20221208_135402621_Printed_T1_F15_R57_C23_Trans__Run.png
20530,329.23,174.55,28.09,1.61,1.06,138.98,,,,,,,,,
20536,Transmission,,,,,,1,A1,1,15,41,57,12/8/22,1:54:04 PM,20221208_135404747_Printed_T1_F15_R57_C41_Trans__Run.png
20536,230.92,153.85,27.13,1.58,1.05,141.34,,,,,,,,,
20579,Transmission,,,,,,1,A1,1,15,59,57,12/8/22,1:54:09 PM,20221208_135409236_Printed_T1_F15_R57_C59_Trans__Run.png
20579,287.16,134.32,28.21,1.8,1.09,144.35,,,,,,,,,
20604,Transmission,,,,,,1,A1,1,16,5,9,12/8/22,1:54:12 PM,20221208_135412597_Printed_T1_F16_R9_C5_Trans__Run.png
20604,335.42,138.64,31.77,1.76,1.08,144.7,,,,,,,,,
20680,Transmission,,,,,,1,A1,1,16,23,9,12/8/22,1:54:19 PM,20221208_135419068_Printed_T1_F16_R9_C23_Trans__Run.png
20680,285.14,163,30.49,1.47,1.04,135.98,,,,,,,,,
20719,Transmission,,,,,,1,A1,1,16,41,9,12/8/22,1:54:23 PM,20221208_135423140_Printed_T1_F16_R9_C41_Trans__Run.png
20719,286.87,139.94,25.56,1.82,1.09,147.99,,,,,,,,,
20852,Transmission,,,,,,1,A1,1,16,5,27,12/8/22,1:54:33 PM,20221208_135433238_Printed_T1_F16_R27_C5_Trans__Run.png
20852,218.17,154.54,25.62,1.91,1.1,146.72,,,,,,,,,
20899,Transmission,,,,,,1,A1,1,16,23,27,12/8/22,1:54:37 PM,20221208_135437907_Printed_T1_F16_R27_C23_Trans__Run.png
20899,241.97,138.54,31.93,1.69,1.07,153.7,,,,,,,,,
20934,Transmission,,,,,,1,A1,1,16,41,27,12/8/22,1:54:41 PM,20221208_135441817_Printed_T1_F16_R27_C41_Trans__Run.png
20934,330.54,132.63,29.12,1.51,1.04,145.48,,,,,,,,,
20941,Transmission,,,,,,1,A1,1,16,5,33,12/8/22,1:54:43 PM,20221208_135443938_Printed_T1_F16_R33_C5_Trans__Run.png
20941,253.9,158.4,26.14,1.65,1.06,157.14,,,,,,,,,
20968,Transmission,,,,,,1,A1,1,16,23,33,12/8/22,1:54:47 PM,20221208_135447349_Printed_T1_F16_R33_C23_Trans__Run.png
20968,300.25,162.73,25.95,1.72,1.07,155.19,,,,,,,,,
20998,Transmission,,,,,,1,A1,1,16,41,33,12/8/22,1:54:50 PM,20221208_135450958_Printed_T1_F16_R33_C41_Trans__Run.png
20998,234.57,169.6,26.52,1.54,1.05,135.45,,,,,,,,,
21019,Transmission,,,,,,1,A1,1,16,5,51,12/8/22,1:54:53 PM,20221208_135453958_Printed_T1_F16_R51_C5_Trans__Run.png
21019,251.27,157.44,28.59,1.6,1.05,139.93,,,,,,,,,
21059,Transmission,,,,,,1,A1,1,16,23,51,12/8/22,1:54:58 PM,20221208_135458250_Printed_T1_F16_R51_C23_Trans__Run.png
21059,288.66,137.39,27.39,1.76,1.08,150.25,,,,,,,,,
21138,Transmission,,,,,,1,A1,1,16,41,51,12/8/22,1:55:05 PM,20221208_135505014_Printed_T1_F16_R51_C41_Trans__Run.png
21138,317.37,160.34,28.83,1.61,1.06,146.73,,,,,,,,,
21148,Transmission,,,,,,1,A1,1,16,5,57,12/8/22,1:55:07 PM,20221208_135507374_Printed_T1_F16_R57_C5_Trans__Run.png
21148,245.26,141.65,30.52,1.7,1.07,148.77,,,,,,,,,
21150,Transmission,,,,,,1,A1,1,16,23,57,12/8/22,1:55:09 PM,20221208_135509228_Printed_T1_F16_R57_C23_Trans__Run.png
21150,344.02,148.89,31.11,1.51,1.04,146.25,,,,,,,,,
21202,Transmission,,,,,,1,A1,1,16,41,57,12/8/22,1:55:14 PM,20221208_135514442_Printed_T1_F16_R57_C41_Trans__Run.png
21202,337.32,172.17,25.46,1.86,1.1,142.55,,,,,,,,,
21261,Transmission,,,,,,1,A1,1,1,23,9,12/8/22,1:55:19 PM,20221208_135519982_Printed_T1_F1_R9_C23_Trans__Run.png
21261,326.28,134.84,26.43,1.77,1.08,139.53,,,,,,,,,
21269,Transmission,,,,,,1,A1,1,1,41,9,12/8/22,1:55:21 PM,20221208_135521500_Printed_T1_F1_R9_C41_Trans__Run.png
21269,236.01,159.98,31.8,1.59,1.05,155.13,,,,,,,,,
21346,Transmission,,,,,,1,A1,1,1,59,9,12/8/22,1:55:27 PM,20221208_135527494_Printed_T1_F1_R9_C59_Trans__Run.png
21346,280.01,170.22,23.72,1.69,1.07,143.63,,,,,,,,,
21362,Transmission,,,,,,1,A1,1,1,23,27,12/8/22,1:55:29 PM,20221208_135529642_Printed_T1_F1_R27_C23_Trans__Run.png
21362,218.16,164.74,30.65,1.71,1.07,152.99,,,,,,,,,
21376,Transmission,,,,,,1,A1,1,1,41,27,12/8/22,1:55:31 PM,20221208_135531572_Printed_T1_F1_R27_C41_Trans__Run.png
21376,304.8,169.75,29.45,1.63,1.06,147.53,,,,,,,,,
21383,Transmission,,,,,,1,A1,1,1,59,27,12/8/22,1:55:33 PM,20221208_135533082_Printed_T1_F1_R27_C59_Trans__Run.png
21383,240.88,163.33,30.53,1.66,1.06,153.06,,,,,,,,,
21416,Transmission,,,,,,1,A1,1,1,23,33,12/8/22,1:55:36 PM,20221208_135536351_Printed_T1_F1_R33_C23_Trans__Run.png
21416,287.42,150.94,32.21,1.6,1.06,155.01,,,,,,,,,
21473,Transmission,,,,,,1,A1,1,1,41,33,12/8/22,1:55:41 PM,20221208_135541035_Printed_T1_F1_R33_C41_Trans__Run.png
21473,192.72,166.37,26.35,1.73,1.07,140.4,,,,,,,,,
21496,Transmission,,,,,,1,A1,1,1,59,33,12/8/22,1:55:43 PM,20221208_135543557_Printed_T1_F1_R33_C59_Trans__Run.png
21496,195.63,151,31.34,1.65,1.06,150.07,,,,,,,,,
21564,Transmission,,,,,,1,A1,1,1,23,51,12/8/22,1:55:49 PM,20221208_135549015_Printed_T1_F1_R51_C23_Trans__Run.png
21564,247.25,148.29,31.86,1.5,1.04,147.19,,,,,,,,,
21569,Transmission,,,,,,1,A1,1,1,41,51,12/8/22,1:55:50 PM,20221208_135550343_Printed_T1_F1_R51_C41_Trans__Run.png
21569,251.42,152.94,25.73,1.62,1.06,139.22,,,,,,,,,
21626,Transmission,,,,,,1,A1,1,1,59,51,12/8/22,1:55:55 PM,20221208_135555007_Printed_T1_F1_R51_C59_Trans__Run.png
21626,349.47,151.88,26.99,1.58,1.05,138.69,,,,,,,,,
21696,Transmission,,,,,,1,A1,1,1,23,57,12/8/22,1:56:00 PM,20221208_135600633_Printed_T1_F1_R57_C23_Trans__Run.png
21696,303.98,171.44,30.8,1.53,1.05,140.97,,,,,,,,,
21817,Transmission,,,,,,1,A1,1,1,41,57,12/8/22,1:56:09 PM,20221208_135609477_Printed_T1_F1_R57_C41_Trans__Run.png
21817,278.44,149.37,27.69,1.65,1.06,142.76,,,,,,,,,
21830,Transmission,,,,,,1,A1,1,1,59,57,12/8/22,1:56:11 PM,20221208_135611373_Printed_T1_F1_R57_C59_Trans__Run.png
21830,204.48,150.97,29.65,1.59,1.05,151.23,,,,,,,,,
21925,Transmission,,,,,,1,A1,1,5,23,9,12/8/22,1:56:18 PM,20221208_135618613_Printed_T1_F5_R9_C23_Trans__Run.png
21925,198.92,140.52,29.17,1.52,1.04,142.89,,,,,,,,,
21965,Transmission,,,,,,1,A1,1,5,41,9,12/8/22,1:56:22 PM,20221208_135622198_Printed_T1_F5_R9_C41_Trans__Run.png
21965,341.35,132.91,28.74,1.61,1.06,138.08,,,,,,,,,
21975,Transmission,,,,,,1,A1,1,5,59,9,12/8/22,1:56:23 PM,20221208_135623914_Printed_T1_F5_R9_C59_Trans__Run.png
21975,233.93,154.94,27.15,1.63,1.06,151.32,,,,,,,,,
22044,Transmission,,,,,,1,A1,1,5,23,27,12/8/22,1:56:29 PM,20221208_135629463_Printed_T1_F5_R27_C23_Trans__Run.png
22044,238.72,170.25,29.34,1.64,1.06,144.73,,,,,,,,,
22050,Transmission,,,,,,1,A1,1,5,41,27,12/8/22,1:56:30 PM,20221208_135630851_Printed_T1_F5_R27_C41_Trans__Run.png
22050,201.81,166.16,26.03,1.71,1.07,148.21,,,,,,,,,
22309,Transmission,,,,,,1,A1,1,5,59,27,12/8/22,1:56:48 PM,20221208_135648505_Printed_T1_F5_R27_C59_Trans__Run.png
22309,310.02,168.63,30.36,1.62,1.06,145.21,,,,,,,,,
22339,Transmission,,,,,,1,A1,1,5,23,33,12/8/22,1:56:51 PM,20221208_135651576_Printed_T1_F5_R33_C23_Trans__Run.png
22339,345.44,144.12,30.83,1.65,1.06,153.25,,,,,,,,,
22347,Transmission,,,,,,1,A1,1,5,41,33,12/8/22,1:56:53 PM,20221208_135653112_Printed_T1_F5_R33_C41_Trans__Run.png
22347,179,166.06,29.09,1.67,1.07,144.48,,,,,,,,,
22377,Transmission,,,,,,1,A1,1,5,59,33,12/8/22,1:56:56 PM,20221208_135656124_Printed_T1_F5_R33_C59_Trans__Run.png
22377,195.67,162.28,24.46,1.97,1.11,154.13,,,,,,,,,
22466,Transmission,,,,,,1,A1,1,5,23,51,12/8/22,1:57:02 PM,20221208_135702951_Printed_T1_F5_R51_C23_Trans__Run.png
22466,222.74,161,30.14,1.57,1.05,142.59,,,,,,,,,
22492,Transmission,,,,,,1,A1,1,5,41,51,12/8/22,1:57:05 PM,20221208_135705700_Printed_T1_F5_R51_C41_Trans__Run.png
22492,304.41,149.59,32.6,1.71,1.07,157.3,,,,,,,,,
22508,Transmission,,,,,,1,A1,1,5,59,51,12/8/22,1:57:07 PM,20221208_135707849_Printed_T1_F5_R51_C59_Trans__Run.png
22508,276.91,145.89,23.59,1.82,1.09,147.76,,,,,,,,,
22519,Transmission,,,,,,1,A1,1,5,23,57,12/8/22,1:57:09 PM,20221208_135709690_Printed_T1_F5_R57_C23_Trans__Run.png
22519,198.32,155.52,25.18,1.63,1.06,144.07,,,,,,,,,
22579,Transmission,,,,,,1,A1,1,5,41,57,12/8/22,1:57:14 PM,20221208_135714677_Printed_T1_F5_R57_C41_Trans__Run.png
22579,222.49,152.15,30.58,1.63,1.06,152.74,,,,,,,,,
22616,Transmission,,,,,,1,A1,1,5,59,57,12/8/22,1:57:18 PM,20221208_135718194_Printed_T1_F5_R57_C59_Trans__Run.png
22616,234.48,162.4,30.11,1.54,1.05,150.43,,,,,,,,,
22794,Transmission,,,,,,1,A1,1,9,23,9,12/8/22,1:57:30 PM,20221208_135730775_Printed_T1_F9_R9_C23_Trans__Run.png
22794,228.93,160.88,27.43,1.8,1.09,152.3,,,,,,,,,
22807,Transmission,,,,,,1,A1,1,9,41,9,12/8/22,1:57:32 PM,20221208_135732886_Printed_T1_F9_R9_C41_Trans__Run.png
22807,202.39,170.11,25.75,1.84,1.09,147.42,,,,,,,,,
22813,Transmission,,,,,,1,A1,1,9,59,9,12/8/22,1:57:34 PM,20221208_135734547_Printed_T1_F9_R9_C59_Trans__Run.png
22813,247.47,145.17,31.58,1.55,1.05,154.53,,,,,,,,,
22848,Transmission,,,,,,1,A1,1,9,23,27,12/8/22,1:57:38 PM,20221208_135738103_Printed_T1_F9_R27_C23_Trans__Run.png
22848,338.01,172.79,29.16,1.49,1.04,144.19,,,,,,,,,
22862,Transmission,,,,,,1,A1,1,9,41,27,12/8/22,1:57:40 PM,20221208_135740360_Printed_T1_F9_R27_C41_Trans__Run.png
22862,304.38,159.46,29.65,1.58,1.05,155.55,,,,,,,,,
22877,Transmission,,,,,,1,A1,1,9,59,27,12/8/22,1:57:42 PM,20221208_135742693_Printed_T1_F9_R27_C59_Trans__Run.png
22877,216.68,134.88,20.48,1.97,1.11,159.01,,,,,,,,,
22908,Transmission,,,,,,1,A1,1,9,23,33,12/8/22,1:57:46 PM,20221208_135746044_Printed_T1_F9_R33_C23_Trans__Run.png
22908,195.19,148.14,24.5,1.83,1.09,144.75,,,,,,,,,
22995,Transmission,,,,,,1,A1,1,9,41,33,12/8/22,1:57:53 PM,20221208_135753087_Printed_T1_F9_R33_C41_Trans__Run.png
22995,289.02,138.31,26.96,1.77,1.08,143.24,,,,,,,,,
23031,Transmission,,,,,,1,A1,1,9,59,33,12/8/22,1:57:56 PM,20221208_135756793_Printed_T1_F9_R33_C59_Trans__Run.png
23031,240.61,160.64,31.87,1.57,1.05,153.27,,,,,,,,,
23037,Transmission,,,,,,1,A1,1,9,23,51,12/8/22,1:57:58 PM,20221208_135758532_Printed_T1_F9_R51_C23_Trans__Run.png
23037,317.27,159.72,26.62,1.83,1.09,151.04,,,,,,,,,
23048,Transmission,,,,,,1,A1,1,9,41,51,12/8/22,1:58:00 PM,20221208_135800663_Printed_T1_F9_R51_C41_Trans__Run.png
23048,347.2,169.03,27.05,1.59,1.05,140.47,,,,,,,,,
23061,Transmission,,,,,,1,A1,1,9,59,51,12/8/22,1:58:02 PM,20221208_135802934_Printed_T1_F9_R51_C59_Trans__Run.png
23061,312.76,168.19,27.34,1.54,1.05,148.65,,,,,,,,,
23157,Transmission,,,,,,1,A1,1,9,23,57,12/8/22,1:58:10 PM,20221208_135810547_Printed_T1_F9_R57_C23_Trans__Run.png
23157,277.04,146.35,28.88,1.85,1.09,147.06,,,,,,,,,
23166,Transmission,,,,,,1,A1,1,9,41,57,12/8/22,1:58:12 PM,20221208_135812581_Printed_T1_F9_R57_C41_Trans__Run.png
23166,296.64,144.33,26.46,1.66,1.06,155.03,,,,,,,,,
23335,Transmission,,,,,,1,A1,1,9,59,57,12/8/22,1:58:24 PM,20221208_135824929_Printed_T1_F9_R57_C59_Trans__Run.png
23335,326.47,133.98,26.8,1.72,1.07,143.75,,,,,,,,,
23430,Transmission,,,,,,1,A1,1,13,23,9,12/8/22,1:58:32 PM,20221208_135832447_Printed_T1_F13_R9_C23_Trans__Run.png
23430,241.15,146.81,29.24,1.68,1.07,153.68,,,,,,,,,
23488,Transmission,,,,,,1,A1,1,13,41,9,12/8/22,1:58:37 PM,20221208_135837790_Printed_T1_F13_R9_C41_Trans__Run.png
23488,307.35,145.94,28.3,1.6,1.05,159.62,,,,,,,,,
23654,Transmission,,,,,,1,A1,1,13,59,9,12/8/22,1:58:50 PM,20221208_135850038_Printed_T1_F13_R9_C59_Trans__Run.png
23654,261.35,150.77,32.11,1.58,1.05,155.05,,,,,,,,,
23663,Transmission,,,,,,1,A1,1,13,23,27,12/8/22,1:58:52 PM,20221208_135852232_Printed_T1_F13_R27_C23_Trans__Run.png
23663,300.92,144.96,26.84,1.79,1.08,149.26,,,,,,,,,
23806,Transmission,,,,,,1,A1,1,13,41,27,12/8/22,1:59:02 PM,20221208_135902988_Printed_T1_F13_R27_C41_Trans__Run.png
23806,190.17,159.47,29.3,1.55,1.05,140.44,,,,,,,,,
23813,Transmission,,,,,,1,A1,1,13,59,27,12/8/22,1:59:05 PM,20221208_135905094_Printed_T1_F13_R27_C59_Trans__Run.png
23813,241.86,156.84,24.9,1.58,1.05,144.9,,,,,,,,,
23914,Transmission,,,,,,1,A1,1,13,23,33,12/8/22,1:59:13 PM,20221208_135913253_Printed_T1_F13_R33_C23_Trans__Run.png
23914,202.03,143.9,27.42,1.67,1.07,150.35,,,,,,,,,
24043,Transmission,,,,,,1,A1,1,13,41,33,12/8/22,1:59:23 PM,20221208_135923182_Printed_T1_F13_R33_C41_Trans__Run.png
24043,230.45,142.53,33.74,1.56,1.05,148.24,,,,,,,,,
24165,Transmission,,,,,,1,A1,1,13,59,33,12/8/22,1:59:32 PM,20221208_135932697_Printed_T1_F13_R33_C59_Trans__Run.png
24165,242.9,158.88,27.57,1.82,1.09,155.36,,,,,,,,,
24237,Transmission,,,,,,1,A1,1,13,23,51,12/8/22,1:59:39 PM,20221208_135939031_Printed_T1_F13_R51_C23_Trans__Run.png
24237,331.64,171.26,27.77,1.77,1.08,156.96,,,,,,,,,
24245,Transmission,,,,,,1,A1,1,13,41,51,12/8/22,1:59:41 PM,20221208_135941250_Printed_T1_F13_R51_C41_Trans__Run.png
24245,329.86,133.69,29.05,1.81,1.09,146.94,,,,,,,,,
24311,Transmission,,,,,,1,A1,1,13,59,51,12/8/22,1:59:47 PM,20221208_135947202_Printed_T1_F13_R51_C59_Trans__Run.png
24311,301.07,131.58,26.17,1.53,1.05,142.04,,,,,,,,,
24361,Transmission,,,,,,1,A1,1,13,23,57,12/8/22,1:59:52 PM,20221208_135952127_Printed_T1_F13_R57_C23_Trans__Run.png
24361,259.32,154.81,26.56,1.59,1.05,154.41,,,,,,,,,
24372,Transmission,,,,,,1,A1,1,13,41,57,12/8/22,1:59:54 PM,20221208_135954605_Printed_T1_F13_R57_C41_Trans__Run.png
24372,244.46,148.42,28.93,1.69,1.07,147.1,,,,,,,,,
24480,Transmission,,,,,,1,A1,1,13,59,57,12/8/22,2:00:03 PM,20221208_140003243_Printed_T1_F13_R57_C59_Trans__Run.png
24480,224.17,166.72,29.2,1.53,1.04,141.8,,,,,,,,,